{"cameraMode":{"drawMode":0,"name":"Shaded","section":"Shading Mode"},"sceneLighting":false,"audioPlay":false,"sceneViewState":{"showFog":true,"showMaterialUpdate":false,"showSkybox":true,"showFlares":true,"showImageEffects":true,"showParticleSystems":true},"in2DMode":false,"pivot":{"x":-2.1368155479431154,"y":-0.5068539381027222,"z":12.004422187805176},"rotation":{"x":-0.06904818117618561,"y":0.9290613532066345,"z":-0.22440585494041444,"w":-0.2858659625053406},"size":3.571568012237549,"orthographic":false}