{"cameraMode":{"drawMode":0,"name":"Shaded","section":"Shading Mode"},"sceneLighting":false,"audioPlay":false,"sceneViewState":{"showFog":true,"showMaterialUpdate":false,"showSkybox":true,"showFlares":true,"showImageEffects":true,"showParticleSystems":true},"in2DMode":false,"pivot":{"x":-1.909900426864624,"y":-0.9714953899383545,"z":7.997647762298584},"rotation":{"x":0.10413391888141632,"y":0.8840937614440918,"z":-0.3894137740135193,"w":0.23641353845596314},"size":6.0119547843933109,"orthographic":false}